<?xml version="1.0" encoding="utf-8" ?>
<lom:lom xmlns="https://ocw.mit.edu/xmlns/LOM"
         xmlns:lom="https://ocw.mit.edu/xmlns/LOM"
         xmlns:ocwlom="https://ocw.mit.edu/xmlns/ocwLOM"
         xmlns:xsi="http://www.w3.org/2001/XMLSchema-instance"
         xsi:schemaLocation="https://ocw.mit.edu/xmlns/LOM https://ocw.mit.edu/xsd/LOM/lomv1.0/lomv1.0.xsd https://ocw.mit.edu/xmlns/ocwLOM https://ocw.mit.edu/xsd/ocwLOM/ocwlomv1.0/ocwlomv1.0.xsd">
  <!--************************************************************ 
  This LOM record was produced by an automatic transformation to IEEE LOM, from OpenCourseWare's (OCW) initial version of Learning Object Metadata (LOM). (The initial version was based on IMS Global Consortium's LOM.)
			********************************************************-->
<!--***************************-->
<!--**** GENERAL ****-->
<!--***************************-->
    <lom:general uniqueElementName="general">
        <lom:title uniqueElementName="title">
            <lom:string language="en">15-395f16-th.jpg</lom:string>
        </lom:title>
        <lom:description>
            <lom:string language="en"></lom:string>
        </lom:description>
        <lom:language>en</lom:language>
        <lom:aggregationLevel uniqueElementName="aggregationLevel">
            <lom:source uniqueElementName="source">LOMv1.0</lom:source>
            <lom:value uniqueElementName="value">2</lom:value>
        </lom:aggregationLevel>
    </lom:general>
<!--***************************-->
<!--**** LIFECYCLE ****-->
<!--***************************-->
    <lom:lifeCycle uniqueElementName="lifeCycle">
        <lom:version uniqueElementName="version">
            <lom:string language="en">Fall 2016</lom:string>
        </lom:version>
        <lom:contribute>
            <lom:role>
                <lom:source uniqueElementName="source">OCW_LOMv1.0</lom:source>
                <lom:value uniqueElementName="value">Author</lom:value>
            </lom:role>
            <lom:entity>Casey, Michael</lom:entity>
            <lom:date uniqueElementName="date">
                <lom:dateTime uniqueElementName="dateTime">2017-9-2</lom:dateTime>
            </lom:date>
        </lom:contribute>
        <lom:contribute>
            <lom:role>
                <lom:source uniqueElementName="source">OCW_LOMv1.0</lom:source>
                <lom:value uniqueElementName="value">Author</lom:value>
            </lom:role>
            <lom:entity>Forde, Brian</lom:entity>
            <lom:date uniqueElementName="date">
                <lom:dateTime uniqueElementName="dateTime">2017-9-2</lom:dateTime>
            </lom:date>
        </lom:contribute>
        <lom:contribute>
            <lom:role>
                <lom:source uniqueElementName="source">OCW_LOMv1.0</lom:source>
                <lom:value uniqueElementName="value">Author</lom:value>
            </lom:role>
            <lom:entity>Johnson, Simon</lom:entity>
            <lom:date uniqueElementName="date">
                <lom:dateTime uniqueElementName="dateTime">2017-9-2</lom:dateTime>
            </lom:date>
        </lom:contribute>
        
    </lom:lifeCycle>
<!--***************************-->
<!--**** TECHNICAL ****-->
<!--***************************-->
    <lom:technical uniqueElementName="technical">
        <lom:location>/courses/sloan-school-of-management/15-395-entrepreneurship-without-borders-fall-2016/15-395f16-th.jpg</lom:location>
        <lom:format>image/jpeg</lom:format>
        <lom:otherPlatformRequirements>
			<lom:string language="en"></lom:string>
		</lom:otherPlatformRequirements>
		<lom:size>28138</lom:size>
        <lom:requirement>
            <lom:orComposite>
                <lom:type uniqueElementName="type">
                    <lom:source uniqueElementName="source">LOMv1.0</lom:source>
                    <lom:value uniqueElementName="value">Browser</lom:value>
                </lom:type>
                <lom:name uniqueElementName="name">
                    <lom:source uniqueElementName="source">LOMv1.0</lom:source>
                    <lom:value uniqueElementName="value">Chrome</lom:value>
                </lom:name>
                <lom:minimumVersion
    uniqueElementName="minimumVersion">40.0</lom:minimumVersion>
            </lom:orComposite>
            <lom:orComposite>
                <lom:type uniqueElementName="type">
                    <lom:source uniqueElementName="source">LOMv1.0</lom:source>
                    <lom:value uniqueElementName="value">Browser</lom:value>
                </lom:type>
                <lom:name uniqueElementName="name">
                    <lom:source uniqueElementName="source">LOMv1.0</lom:source>
                    <lom:value uniqueElementName="value">Safari</lom:value>
                </lom:name>
                <lom:minimumVersion
    uniqueElementName="minimumVersion">8.0</lom:minimumVersion>
            </lom:orComposite>
            <lom:orComposite>
                <lom:type uniqueElementName="type">
                    <lom:source uniqueElementName="source">LOMv1.0</lom:source>
                    <lom:value uniqueElementName="value">Browser</lom:value>
                </lom:type>
                <lom:name uniqueElementName="name">
                    <lom:source uniqueElementName="source">LOMv1.0</lom:source>
                    <lom:value uniqueElementName="value">Mozilla Firefox</lom:value>
                </lom:name>
                <lom:minimumVersion
    uniqueElementName="minimumVersion">38.0</lom:minimumVersion>
            </lom:orComposite>
            <lom:orComposite>
                <lom:type uniqueElementName="type">
                    <lom:source uniqueElementName="source">LOMv1.0</lom:source>
                    <lom:value uniqueElementName="value">Browser</lom:value>
                </lom:type>
                <lom:name uniqueElementName="name">
                    <lom:source uniqueElementName="source">LOMv1.0</lom:source>
                    <lom:value uniqueElementName="value">Internet Explorer</lom:value>
                </lom:name>
                <lom:minimumVersion
    uniqueElementName="minimumVersion">9.0</lom:minimumVersion>
            </lom:orComposite>
            <lom:orComposite>
                <lom:type uniqueElementName="type">
                    <lom:source uniqueElementName="source">LOMv1.0</lom:source>
                    <lom:value uniqueElementName="value">Browser</lom:value>
                </lom:type>
                <lom:name uniqueElementName="name">
                    <lom:source uniqueElementName="source">LOMv1.0</lom:source>
                    <lom:value uniqueElementName="value">Edge</lom:value>
                </lom:name>
                <lom:minimumVersion
    uniqueElementName="minimumVersion">13.1</lom:minimumVersion>
            </lom:orComposite>
        </lom:requirement>
    </lom:technical>
<!--***************************-->
<!--**** EDUCATIONAL ****-->
<!--***************************-->
    <lom:educational>
    	<lom:learningResourceType>
			<lom:source uniqueElementName="source">LOMv1.0</lom:source>
			<lom:value uniqueElementName="value">Other</lom:value>
		</lom:learningResourceType>
        <lom:context>
            <lom:source uniqueElementName="source">OCW_LOMv1.0</lom:source>
            <lom:value uniqueElementName="value">Graduate</lom:value>
        </lom:context>
        <lom:description>
			<lom:string language="en"></lom:string>
		</lom:description>
    </lom:educational>
<!--***************************-->
<!--**** RIGHTS ****-->
<!--***************************-->
    <lom:rights uniqueElementName="rights">
        <lom:copyrightAndOtherRestrictions uniqueElementName="copyrightAndOtherRestrictions">
            <lom:source uniqueElementName="source">LOMv1.0</lom:source>
            <lom:value uniqueElementName="value">yes</lom:value>
        </lom:copyrightAndOtherRestrictions>
        <lom:description>
            <lom:string language="en">This site (c) Massachusetts Institute of Technology 2017.  Content within individual courses is (c) by the individual authors unless otherwise noted. The Massachusetts Institute of Technology is providing this Work (as defined below) under the terms of this Creative Commons public license ("CCPL" or "license") unless otherwise noted. The Work is protected by copyright and/or other applicable law. Any use of the work other than as authorized under this license is prohibited. By exercising any of the rights to the Work provided here, You (as defined below) accept and agree to be bound by the terms of this license. The Licensor, the Massachusetts Institute of Technology, grants You the rights contained here in consideration of Your acceptance of such terms and conditions.</lom:string>
        </lom:description>
    </lom:rights>
<!--***************************-->
<!--**** RELATION ****-->
<!--***************************-->
    <lom:relation>
        <lom:kind uniqueElementName="kind">
            <lom:source uniqueElementName="source">LOMv1.0</lom:source>
            <lom:value uniqueElementName="value">ispartof</lom:value>
        </lom:kind>
        <lom:resource uniqueElementName="resource">
            <lom:identifier>
                <lom:catalog uniqueElementName="catalog">OCW Master Course Number</lom:catalog>
                <lom:entry uniqueElementName="entry">15.395 Entrepreneurship Without Borders Fall 2016</lom:entry>
            </lom:identifier>
            <lom:description>
                <lom:string language="en">This course examines opportunities and problems for entrepreneurs globally, including Europe, Latin America, and Asia. Linkages between the business environment, the institutional framework, and new venture creation are covered with a special focus on blockchain technology. In addition to discussing a range of global entrepreneurial situations, student groups pick one particular cluster on which to focus and to understand what further development would entail. Classroom interactions are based primarily on case studies.&amp;nbsp;</lom:string>
            </lom:description>
        </lom:resource>
    </lom:relation>
<!--***************************-->
<!--**** CLASSIFICATION ****-->
<!--***************************-->
    <lom:classification>
        <lom:keyword>
            <lom:string language="en">entrepreneurship</lom:string>
        </lom:keyword>
        <lom:keyword>
            <lom:string language="en">new businesses</lom:string>
        </lom:keyword>
        <lom:keyword>
            <lom:string language="en">financial inclusion</lom:string>
        </lom:keyword>
        <lom:keyword>
            <lom:string language="en">government</lom:string>
        </lom:keyword>
        <lom:keyword>
            <lom:string language="en">corruption</lom:string>
        </lom:keyword>
        <lom:keyword>
            <lom:string language="en">incumbent firms</lom:string>
        </lom:keyword>
        <lom:keyword>
            <lom:string language="en">global finance</lom:string>
        </lom:keyword>
        <lom:keyword>
            <lom:string language="en">income pyramid</lom:string>
        </lom:keyword>
        <lom:keyword>
            <lom:string language="en">technologies</lom:string>
        </lom:keyword>
        <lom:keyword>
            <lom:string language="en">economic development</lom:string>
        </lom:keyword>
        <lom:keyword>
            <lom:string language="en">Bitcoin</lom:string>
        </lom:keyword>
        <lom:keyword>
            <lom:string language="en">blockchain technology</lom:string>
        </lom:keyword>
        <lom:keyword>
            <lom:string language="en">innovation</lom:string>
        </lom:keyword>
        <lom:keyword>
            <lom:string language="en">dispersion of power</lom:string>
        </lom:keyword>
        <lom:keyword>
            <lom:string language="en">Digital Currency Initiative</lom:string>
        </lom:keyword>
        <lom:keyword>
            <lom:string language="en">Cryptocurrency</lom:string>
        </lom:keyword>
        <lom:keyword>
            <lom:string language="en">DCI</lom:string>
        </lom:keyword>
        <lom:keyword>
            <lom:string language="en">MIT Media Lab</lom:string>
        </lom:keyword>
        <lom:keyword>
            <lom:string language="en">centralized trust</lom:string>
        </lom:keyword>
        <lom:keyword>
            <lom:string language="en">credit system</lom:string>
        </lom:keyword>
        <lom:keyword>
            <lom:string language="en">financial inclusion</lom:string>
        </lom:keyword>
        <lom:keyword>
            <lom:string language="en">CBDC</lom:string>
        </lom:keyword>
        <lom:keyword>
            <lom:string language="en">protocol-based startup</lom:string>
        </lom:keyword>
        <lom:keyword>
            <lom:string language="en">Open Music Initiative</lom:string>
        </lom:keyword>
        <lom:keyword>
            <lom:string language="en">data ownership</lom:string>
        </lom:keyword>
        <lom:keyword>
            <lom:string language="en">blockchain registry</lom:string>
        </lom:keyword>
        <lom:keyword>
            <lom:string language="en">property rights</lom:string>
        </lom:keyword>
        <lom:keyword>
            <lom:string language="en">solar energy</lom:string>
        </lom:keyword>
        <lom:keyword>
            <lom:string language="en">smart meters</lom:string>
        </lom:keyword>
        <lom:keyword>
            <lom:string language="en">localized power</lom:string>
        </lom:keyword>
        <lom:keyword>
            <lom:string language="en">supply chain</lom:string>
        </lom:keyword>
        <lom:keyword>
            <lom:string language="en">quasi-private digital money</lom:string>
        </lom:keyword>
        <lom:keyword>
            <lom:string language="en">public blockchain</lom:string>
        </lom:keyword>
        <lom:keyword>
            <lom:string language="en">BitFury</lom:string>
        </lom:keyword>
        <lom:keyword>
            <lom:string language="en">Corda</lom:string>
        </lom:keyword>
    </lom:classification>
</lom:lom>
